{
  "train_loss": [
    0.3103518782807272,
    0.17785938689592523,
    0.15056935892092935
  ],
  "train_acc": [
    0.8603885413236747,
    0.9219624629568653,
    0.9387553506750083
  ],
  "val_loss": [
    0.017052520587239214,
    0.016234743384538525,
    0.0060554130343339774
  ],
  "val_acc": [
    1.0,
    1.0,
    1.0
  ]
}